<beans xmlns="http://www.springframework.org/schema/beans"
	xmlns:context="http://www.springframework.org/schema/context"
	xmlns:xsi="http://www.w3.org/2001/XMLSchema-instance"
	xmlns:cache="http://www.springframework.org/schema/cache"
	xmlns:mvc="http://www.springframework.org/schema/mvc"
	xsi:schemaLocation="
        http://www.springframework.org/schema/beans     
        http://www.springframework.org/schema/beans/spring-beans-3.2.xsd
        http://www.springframework.org/schema/mvc 
        http://www.springframework.org/schema/mvc/spring-mvc-3.2.xsd
        http://www.springframework.org/schema/context 
        http://www.springframework.org/schema/context/spring-context-3.2.xsd
        http://www.springframework.org/schema/cache http://www.springframework.org/schema/cache/spring-cache.xsd">

	<context:component-scan base-package="com.sdc.vsiistandard.controller,
											com.sdc.vsiistandard.service" />

    <!-- Switch on the Caching -->
    <cache:annotation-driven />
	
	<!-- CACHE CONFIGURATION http://www.ehcache.org/ -->
	<bean id="cacheManager" class="org.springframework.cache.ehcache.EhCacheCacheManager">
    	<property name="cacheManager" ref="ehCache" />
    </bean>
    
    <bean id="ehCache" class="org.springframework.cache.ehcache.EhCacheManagerFactoryBean">
        <property name="shared" value="true" />
        <property name="configLocation" value="classpath:ehcache.xml" />
    </bean>

	<bean
		class="org.springframework.web.servlet.view.InternalResourceViewResolver">
		<property name="prefix">
			<value>/WEB-INF/views/jsp/</value>
		</property>
		<property name="suffix">
			<value>.jsp</value>
		</property>
	</bean>
	

	<mvc:resources mapping="/resources/**" location="/resources/" />
 
	<mvc:annotation-driven />
	
</beans>